objid,type,ra,dec,u,g,r,i,z,redshift
1237671768542544161,GALAXY,257.934292535865,64.112136003604,18.43226,17.00381,16.39649,16.04041,15.81141,0.083265
1237671768542544274,GALAXY,258.056998922109,64.141002360159,19.2431,17.33631,16.45946,16.05503,15.7029,0.0736187
1237671939804561475,GALAXY,258.213356620306,64.0731695837472,19.24982,17.20155,16.26258,15.75252,15.49401,0.07390364
1237671939804561484,GALAXY,258.181636220846,64.0535395506805,19.60752,17.72213,16.78737,16.35058,16.07873,0.08562605
1237671939804561603,GALAXY,258.226782235334,63.9924176935157,18.13377,16.21136,15.26339,14.83432,14.50581,0.08285826
1237671939804561746,GALAXY,257.923836197268,64.0830691056946,19.16003,17.28089,16.35022,15.91443,15.5864,0.08339601
1237671939804561830,GALAXY,257.991871547624,64.0891510021973,18.8715,16.84598,15.92457,15.48088,15.13799,0.07968805
